name,rental_duration
Action,4.953125
Animation,4.893939393939394
Children,5.033333333333333
Classics,5.0701754385964914
Comedy,4.931034482758621
Documentary,4.764705882352941
Drama,5.080645161290323
Family,5.173913043478261
Foreign,5.109589041095891
Games,5.065573770491803
Horror,4.857142857142857
Music,5.235294117647059
New,4.746031746031746
Sci-Fi,4.885245901639344
Sports,4.716216216216216
Travel,5.350877192982456
