name,replacement_cost
Action,20.911875
Animation,20.126363636363635
Children,20.056666666666665
Classics,21.007543859649118
Comedy,19.024482758620685
Documentary,19.62235294117647
Drama,21.086774193548386
Family,19.729130434782608
Foreign,18.647534246575344
Games,20.285081967213113
Horror,19.865000000000002
Music,19.440980392156863
New,19.418571428571425
Sci-Fi,21.153934426229505
Sports,20.395405405405405
Travel,19.02508771929824
